1,Itanagar
2,Dhuburi
2,Dibrugarh
2,Dispur
2,Guwahati
2,Jorhat
2,Nagaon
2,Sivasagar
2,Silchar
2,Tezpur
2,Tinsukia
3,Ara
3,Barauni
3,Begusarai
3,Bettiah
3,Bhagalpur
3,Bihar Sharif
3,Bodh Gaya
3,Buxar
3,Chapra
3,Darbhanga
3,Dehri
3,Dinapur Nizamat
3,Gaya
3,Hajipur
3,Jamalpur
3,Katihar
3,Madhubani
3,Motihari
3,Munger
3,Muzaffarpur
3,Patna
3,Purnia
3,Pusa
3,Saharsa
3,Samastipur
3,Sasaram
3,Sitamarhi
3,Siwan
4,Chandigarh
5,Ambikapur
5,Bhilai
5,Bilaspur
5,Dhamtari
5,Durg
5,Jagdalpur
5,Raipur
5,Rajnandgaon
6,Daman
6,Diu
6,Silvassa
7,Delhi
7,New Delhi
8,Madgaon
8,Panaji
9,Ahmadabad
9,Amreli
9,Bharuch
9,Bhavnagar
9,Bhuj
9,Dwarka
9,Gandhinagar
9,Godhra
9,Jamnagar
9,Junagadh
9,Kandla
9,Khambhat
9,Kheda
9,Mahesana
9,Morbi
9,Nadiad
9,Navsari
9,Okha
9,Palanpur
9,Patan
9,Porbandar
9,Rajkot
9,Surat
9,Surendranagar
9,Valsad
9,Veraval
10,Ambala
10,Bhiwani
10,Faridabad
10,Firozpur Jhirka
10,Gurugram
10,Hansi
10,Hisar
10,Jind
10,Kaithal
10,Karnal
10,Kurukshetra
10,Panipat
10,Pehowa
10,Rewari
10,Rohtak
10,Sirsa
10,Sonipat
11,Bilaspur
11,Chamba
11,Dalhousie
11,Dharmshala
11,Hamirpur
11,Kangra
11,Kullu
11,Mandi
11,Nahan
11,Shimla
11,Una
12,Anantnag
12,Baramula
12,Doda
12,Gulmarg
12,Jammu
12,Kathua
12,Punch
12,Rajouri
12,Srinagar
12,Udhampur
13,Bokaro
13,Chaibasa
13,Deoghar
13,Dhanbad
13,Dumka
13,Giridih
13,Hazaribag
13,Jamshedpur
13,Jharia
13,Rajmahal
13,Ranchi
13,Saraikela
14,Badami
14,Ballari
14,Bengaluru
14,Belagavi
14,Bhadravati
14,Bidar
14,Chikkamagaluru
14,Chitradurga
14,Davangere
14,Halebid
14,Hassan
14,Hubballi-Dharwad
14,Kalaburagi
14,Kolar
14,Madikeri
14,Mandya
14,Mangaluru
14,Mysuru
14,Raichur
14,Shivamogga
14,Shravanabelagola
14,Shrirangapattana
14,Tumakuru
14,Vijayapura
15,Alappuzha
15,Vatakara
15,Idukki
15,Kannur
15,Kochi
15,Kollam
15,Kottayam
15,Kozhikode
15,Mattancheri
15,Palakkad
15,Thalassery
15,Thiruvananthapuram
15,Thrissur
16,Kargil
16,Leh
17,Balaghat
17,Barwani
17,Betul
17,Bharhut
17,Bhind
17,Bhojpur
17,Bhopal
17,Burhanpur
17,Chhatarpur
17,Chhindwara
17,Damoh
17,Datia
17,Dewas
17,Dhar
17,Dr. Ambedkar Nagar (Mhow)
17,Guna
17,Gwalior
17,Hoshangabad
17,Indore
17,Itarsi
17,Jabalpur
17,Jhabua
17,Khajuraho
17,Khandwa
17,Khargone
17,Maheshwar
17,Mandla
17,Mandsaur
17,Morena
17,Murwara
17,Narsimhapur
17,Narsinghgarh
17,Narwar
17,Neemuch
17,Nowgong
17,Orchha
17,Panna
17,Raisen
17,Rajgarh
17,Ratlam
17,Rewa
17,Sagar
17,Sarangpur
17,Satna
17,Sehore
17,Seoni
17,Shahdol
17,Shajapur
17,Sheopur
17,Shivpuri
17,Ujjain
17,Vidisha
18,Ahmadnagar
18,Akola
18,Amravati
18,Aurangabad
18,Bhandara
18,Bhusawal
18,Bid
18,Buldhana
18,Chandrapur
18,Daulatabad
18,Dhule
18,Jalgaon
18,Kalyan
18,Karli
18,Kolhapur
18,Mahabaleshwar
18,Malegaon
18,Matheran
18,Mumbai
18,Nagpur
18,Nanded
18,Nashik
18,Osmanabad
18,Pandharpur
18,Parbhani
18,Pune
18,Ratnagiri
18,Sangli
18,Satara
18,Sevagram
18,Solapur
18,Thane
18,Ulhasnagar
18,Vasai-Virar
18,Wardha
18,Yavatmal
19,Imphal
20,Cherrapunji
20,Shillong
21,Aizawl
21,Lunglei
22,Kohima
22,Mon
22,Phek
22,Wokha
22,Zunheboto
23,Balangir
23,Baleshwar
23,Baripada
23,Bhubaneshwar
23,Brahmapur
23,Cuttack
23,Dhenkanal
23,Kendujhar
23,Konark
23,Koraput
23,Paradip
23,Phulabani
23,Puri
23,Sambalpur
23,Udayagiri
24,Karaikal
24,Mahe
24,Puducherry
24,Yanam
25,Amritsar
25,Batala
25,Chandigarh
25,Faridkot
25,Firozpur
25,Gurdaspur
25,Hoshiarpur
25,Jalandhar
25,Kapurthala
25,Ludhiana
25,Nabha
25,Patiala
25,Rupnagar
25,Sangrur
26,Abu
26,Ajmer
26,Alwar
26,Amer
26,Barmer
26,Beawar
26,Bharatpur
26,Bhilwara
26,Bikaner
26,Bundi
26,Chittaurgarh
26,Churu
26,Dhaulpur
26,Dungarpur
26,Ganganagar
26,Hanumangarh
26,Jaipur
26,Jaisalmer
26,Jalor
26,Jhalawar
26,Jhunjhunu
26,Jodhpur
26,Kishangarh
26,Kota
26,Merta
26,Nagaur
26,Nathdwara
26,Pali
26,Phalodi
26,Pushkar
26,Sawai Madhopur
26,Shahpura
26,Sikar
26,Sirohi
26,Tonk
26,Udaipur
27,Gangtok
27,Gyalshing
27,Lachung
28,Mangan
28,Arcot
28,Chengalpattu
28,Chennai
28,Chidambaram
28,Coimbatore
28,Cuddalore
28,Dharmapuri
28,Dindigul
28,Erode
28,Kanchipuram
28,Kanniyakumari
28,Kodaikanal
28,Kumbakonam
28,Madurai
28,Mamallapuram
28,Nagappattinam
28,Nagercoil
28,Palayamkottai
28,Pudukkottai
28,Rajapalayam
28,Ramanathapuram
28,Salem
28,Thanjavur
28,Tiruchchirappalli
28,Tirunelveli
28,Tiruppur
28,Thoothukudi
28,Udhagamandalam
28,Vellore
29,Hyderabad
29,Karimnagar
29,Khammam
29,Mahbubnagar
29,Nizamabad
29,Sangareddi
29,Warangal
30,Agartala
31,Agra
31,Aligarh
31,Amroha
31,Ayodhya
31,Azamgarh
31,Bahraich
31,Ballia
31,Banda
31,Bara Banki
31,Bareilly
31,Basti
31,Bijnor
31,Bithur
31,Budaun
31,Bulandshahr
31,Deoria
31,Etah
31,Etawah
31,Faizabad
31,Farrukhabad-cum-Fatehgarh
31,Fatehpur
31,Fatehpur Sikri
31,Ghaziabad
31,Ghazipur
31,Gonda
31,Gorakhpur
31,Hamirpur
31,Hardoi
31,Hathras
31,Jalaun
31,Jaunpur
31,Jhansi
31,Kannauj
31,Kanpur
31,Lakhimpur
31,Lalitpur
31,Lucknow
31,Mainpuri
31,Mathura
31,Meerut
31,Mirzapur-Vindhyachal
31,Moradabad
31,Muzaffarnagar
31,Partapgarh
31,Pilibhit
31,Prayagraj
31,Rae Bareli
31,Rampur
31,Saharanpur
31,Sambhal
31,Shahjahanpur
31,Sitapur
31,Sultanpur
31,Tehri
31,Varanasi
32,Almora
32,Dehra Dun
32,Haridwar
32,Mussoorie
32,Nainital
32,Pithoragarh
33,Alipore
33,Alipur Duar
33,Asansol
33,Baharampur
33,Bally
33,Balurghat
33,Bankura
33,Baranagar
33,Barasat
33,Barrackpore
33,Basirhat
33,Bhatpara
33,Bishnupur
33,Budge Budge
33,Burdwan
33,Chandernagore
33,Darjeeling
33,Diamond Harbour
33,Dum Dum
33,Durgapur
33,Halisahar
33,Haora
33,Hugli
33,Ingraj Bazar
33,Jalpaiguri
33,Kalimpong
33,Kamarhati
33,Kanchrapara
33,Kharagpur
33,Cooch Behar
33,Kolkata
33,Krishnanagar
33,Malda
33,Midnapore
33,Murshidabad
33,Nabadwip
33,Palashi
33,Panihati
33,Purulia
33,Raiganj
33,Santipur
33,Shantiniketan
33,Shrirampur
33,Siliguri
33,Siuri
33,Tamluk
33,Titagarh
